name,price,online_price,share_url
Серебряный браслет с фианитами и родированием р.16-19,1960.0,1862.0,https://www.585zolotoy.ru/catalog/products/1754148/
Серебряный браслет с фианитами и родированием р. 16-19,1240.0,1178.0,https://www.585zolotoy.ru/catalog/products/1357337/
Серебряный браслет с фианитами и родированием р.16-19,2180.0,2071.0,https://www.585zolotoy.ru/catalog/products/1809011/
Серебряный браслет на ногу Месяц с фианитами и родированием р. 16-19,1640.0,1558.0,https://www.585zolotoy.ru/catalog/products/1233799/
Браслет из жемчуга с золотым замком,4840.0,4598.0,https://www.585zolotoy.ru/catalog/products/4315077/
Серебряный браслет с кварцем и позолотой,2400.0,,https://www.585zolotoy.ru/catalog/products/1332308/
Серебряный браслет с ониксом и родированием,4740.0,4503.0,https://www.585zolotoy.ru/catalog/products/1595222/
Браслет из жемчуга с золотым замком,5340.0,,https://www.585zolotoy.ru/catalog/products/2010495/
Серебряный браслет с сапфирами и фианитами с позолотой,3980.0,3781.0,https://www.585zolotoy.ru/catalog/products/2817280/
Серебряный браслет Сердце с фианитами и родированием р.16-19,2360.0,2242.0,https://www.585zolotoy.ru/catalog/products/1031173/
Серебряный браслет с ониксом и родированием,2000.0,1900.0,https://www.585zolotoy.ru/catalog/products/1914373/
Браслет из жемчуга с золотыми шариками,7680.0,7049.0,https://www.585zolotoy.ru/catalog/products/2000698/
Серебряный браслет с фианитами и родированием,1600.0,1520.0,https://www.585zolotoy.ru/catalog/products/1527522/
Серебряный браслет с кошачьим глазом и родированием,1500.0,,https://www.585zolotoy.ru/catalog/products/1555537/
Серебряный браслет с топазами и фианитами с родированием,3240.0,2166.0,https://www.585zolotoy.ru/catalog/products/3963636/
Браслет из жемчуга с золотым замком с родированием,2460.0,,https://www.585zolotoy.ru/catalog/products/6444700/
Серебряный браслет с London топазами и фианитами с позолотой,3880.0,3686.0,https://www.585zolotoy.ru/catalog/products/4058321/
Серебряный браслет с перламутром и фианитами с родированием,2920.0,2774.0,https://www.585zolotoy.ru/catalog/products/1439920/
Серебряный браслет с фианитами и родированием р. 16-19,4800.0,4560.0,https://www.585zolotoy.ru/catalog/products/1069206/
Серебряный браслет с фианитами и родированием р. 16-19,5180.0,4921.0,https://www.585zolotoy.ru/catalog/products/1002012/
Золотой браслет Клевер с бирюзой,13720.0,13034.0,https://www.585zolotoy.ru/catalog/products/1928360/
Серебряный браслет с фианитами и родированием,1240.0,1178.0,https://www.585zolotoy.ru/catalog/products/4784357/
Серебряный браслет с топазами Swiss и фианитами с родированием,3700.0,3515.0,https://www.585zolotoy.ru/catalog/products/3845734/
Серебряный браслет с фианитами и родированием,1480.0,1406.0,https://www.585zolotoy.ru/catalog/products/1070299/
Серебряный браслет с кварцем,2200.0,,https://www.585zolotoy.ru/catalog/products/1275940/
Золотой браслет с топазами Sky,20040.0,19038.0,https://www.585zolotoy.ru/catalog/products/6008610/
Серебряный браслет с топазами Swiss и фианитами с родированием,3840.0,3648.0,https://www.585zolotoy.ru/catalog/products/3442861/
Серебряный браслет на ногу Ключ с фианитами и родированием р. 16-19,1640.0,1558.0,https://www.585zolotoy.ru/catalog/products/1146094/
Серебряный браслет с перламутром и родированием,2000.0,1900.0,https://www.585zolotoy.ru/catalog/products/1694729/
Серебряный браслет на ногу Сердце с фианитами и родированием р. 16-19,2040.0,1938.0,https://www.585zolotoy.ru/catalog/products/1348582/
Серебряный браслет Корона с фианитами и родированием р. 16-19,1180.0,1121.0,https://www.585zolotoy.ru/catalog/products/1100585/
Серебряный браслет на ногу с фианитами и родированием р. 16-19,1340.0,1273.0,https://www.585zolotoy.ru/catalog/products/1147591/
Серебряный браслет с фианитами и родированием,3000.0,2850.0,https://www.585zolotoy.ru/catalog/products/1374782/
Золотой браслет с жемчугом,5500.0,5225.0,https://www.585zolotoy.ru/catalog/products/1945173/
Серебряный браслет с топазами и фианитами с родированием,3500.0,3325.0,https://www.585zolotoy.ru/catalog/products/4356682/
Серебряный браслет с топазами и фианитами,2280.0,2166.0,https://www.585zolotoy.ru/catalog/products/1961768/
Золотой браслет с бриллиантами и родированием,65920.0,62624.0,https://www.585zolotoy.ru/catalog/products/1394487/
Серебряный браслет на ногу Звезда и Месяц с фианитами и родированием,2380.0,2261.0,https://www.585zolotoy.ru/catalog/products/1652213/
Серебряный браслет с кварцем и родированием,2000.0,,https://www.585zolotoy.ru/catalog/products/1628018/
Браслет на нитке с золотой подвеской с бриллиантом,6220.0,5909.0,https://www.585zolotoy.ru/catalog/products/1327113/
Серебряный браслет с кварцем и родированием,2300.0,,https://www.585zolotoy.ru/catalog/products/1235384/
Серебряный браслет с топазами и родированием,2160.0,1938.0,https://www.585zolotoy.ru/catalog/products/1945089/
Браслет на нитке и топазом Swiss,3820.0,3629.0,https://www.585zolotoy.ru/catalog/products/1015654/
Золотой браслет с бриллиантами и родированием,157340.0,149017.0,https://www.585zolotoy.ru/catalog/products/1577594/
Серебряный браслет с жемчугом и родированием,1240.0,1102.0,https://www.585zolotoy.ru/catalog/products/1015475/
Серебряный браслет с ювелирным стеклом и родированием,3200.0,,https://www.585zolotoy.ru/catalog/products/1387354/
Золотой браслет с ониксом,25060.0,17670.0,https://www.585zolotoy.ru/catalog/products/1491409/
Золотой браслет с раухтопазами и цитринами,45440.0,43168.0,https://www.585zolotoy.ru/catalog/products/2109041/
Серебряный браслет с топазами и фианитами с родированием,7560.0,6821.0,https://www.585zolotoy.ru/catalog/products/2003129/
Серебряный браслет с кварцем и родированием,2200.0,,https://www.585zolotoy.ru/catalog/products/1876329/
Серебряный браслет с сапфирами и фианитами с родированием,3000.0,2850.0,https://www.585zolotoy.ru/catalog/products/2591769/
Серебряный браслет с кварцем и родированием,2400.0,,https://www.585zolotoy.ru/catalog/products/1446818/
Серебряный браслет с гранатом и фианитами с родированием,6240.0,5358.0,https://www.585zolotoy.ru/catalog/products/4073683/
Серебряный браслет с топазами Swiss и фианитами с позолотой,4340.0,3705.0,https://www.585zolotoy.ru/catalog/products/3947965/
Серебряный браслет с сапфирами и родированием,1940.0,1843.0,https://www.585zolotoy.ru/catalog/products/1812180/
Серебряный браслет с гранатом и родированием,5580.0,,https://www.585zolotoy.ru/catalog/products/3781866/
Серебряный браслет с перламутром и родированием,1320.0,1254.0,https://www.585zolotoy.ru/catalog/products/1844579/
Серебряный браслет с марказитами и чернением,8500.0,,https://www.585zolotoy.ru/catalog/products/1283381/
Золотой браслет с бриллиантами и родированием,61100.0,56430.0,https://www.585zolotoy.ru/catalog/products/5960668/
Серебряный браслет с кошачьим глазом и родированием,1500.0,,https://www.585zolotoy.ru/catalog/products/1878500/
Серебряный браслет с перламутром и родированием,1340.0,,https://www.585zolotoy.ru/catalog/products/1207867/
Серебряный браслет с кварцем и родированием,3000.0,,https://www.585zolotoy.ru/catalog/products/1895385/
Браслет на нитке с хризолитом,3560.0,3382.0,https://www.585zolotoy.ru/catalog/products/1628003/
Серебряный браслет с фианитами и родированием,12000.0,11400.0,https://www.585zolotoy.ru/catalog/products/1722900/
Золотой браслет с гранатом и раухтопазами с родолитами,121800.0,115710.0,https://www.585zolotoy.ru/catalog/products/2108319/
Золотой браслет с бриллиантами и родированием,45920.0,43624.0,https://www.585zolotoy.ru/catalog/products/7653860/
Серебряный браслет с малахитом и фианитами с позолотой,7660.0,7277.0,https://www.585zolotoy.ru/catalog/products/1861830/
Серебряный браслет с кварцем и родированием,3200.0,,https://www.585zolotoy.ru/catalog/products/1561046/
Серебряный браслет с кварцем и родированием,6340.0,5586.0,https://www.585zolotoy.ru/catalog/products/1765032/
Золотой браслет с кораллом из коллекции КЛЕВЕР,25160.0,,https://www.585zolotoy.ru/catalog/products/5805370/
Серебряный браслет с топазами и фианитами с родированием,8540.0,7296.0,https://www.585zolotoy.ru/catalog/products/4703506/
Серебряный браслет с ювелирным стеклом и родированием,3500.0,,https://www.585zolotoy.ru/catalog/products/1408498/
Золотой браслет с бриллиантом,50060.0,45239.0,https://www.585zolotoy.ru/catalog/products/1188253/
Серебряный браслет с фианитами и родированием,18000.0,17100.0,https://www.585zolotoy.ru/catalog/products/1839575/
Браслет на нитке с золотой подвеской и аметистом,3540.0,3363.0,https://www.585zolotoy.ru/catalog/products/1820687/
Серебряный браслет с гранатом и фианитами с родированием,3240.0,2622.0,https://www.585zolotoy.ru/catalog/products/3485465/
Золотой браслет с ларимаром из коллекции КЛЕВЕР,22700.0,,https://www.585zolotoy.ru/catalog/products/5896030/
Серебряный браслет с марказитами и чернением,5500.0,,https://www.585zolotoy.ru/catalog/products/1172234/
Серебряный браслет с жемчугом и родированием,2320.0,2204.0,https://www.585zolotoy.ru/catalog/products/1674055/
Золотой браслет с чароитом 8-10 мм,23380.0,,https://www.585zolotoy.ru/catalog/products/5896035/
Серебряный браслет с кошачьим глазом и родированием,1500.0,,https://www.585zolotoy.ru/catalog/products/1974764/
Серебряный браслет с янтарем и позолотой р. 18-20,4640.0,,https://www.585zolotoy.ru/catalog/products/2215958/
Серебряный браслет с ювелирным стеклом и родированием,3400.0,,https://www.585zolotoy.ru/catalog/products/1090591/
Серебряный браслет с кошачьим глазом и позолотой,1500.0,,https://www.585zolotoy.ru/catalog/products/1058612/
Золотой браслет с аметистами и топазами,121800.0,114703.0,https://www.585zolotoy.ru/catalog/products/2108342/
Серебряный браслет с перламутром и фианитами с позолотой,2680.0,2546.0,https://www.585zolotoy.ru/catalog/products/1538663/
Золотой браслет с бриллиантами и родированием,97780.0,92891.0,https://www.585zolotoy.ru/catalog/products/1439602/
Серебряный браслет с марказитами и чернением,12500.0,,https://www.585zolotoy.ru/catalog/products/1391956/
Серебряный браслет с кварцем,2300.0,,https://www.585zolotoy.ru/catalog/products/1710428/
Браслет из жемчуга с серебряным замком и родированием,1900.0,1805.0,https://www.585zolotoy.ru/catalog/products/1089712/
Золотой браслет с янтарём 10 мм,23220.0,,https://www.585zolotoy.ru/catalog/products/8173553/
Серебряный браслет с топазами и родированием,4100.0,3686.0,https://www.585zolotoy.ru/catalog/products/8359239/
Серебряный браслет с топазами,3340.0,3002.0,https://www.585zolotoy.ru/catalog/products/4046186/
Серебряный браслет с марказитами и чернением,4500.0,,https://www.585zolotoy.ru/catalog/products/1570764/
Серебряный браслет с кварцем и позолотой,2200.0,,https://www.585zolotoy.ru/catalog/products/1922816/
Серебряный браслет с хризолитами и фианитами с родированием,5700.0,5168.0,https://www.585zolotoy.ru/catalog/products/3834815/
Серебряный браслет с кварцем,2500.0,,https://www.585zolotoy.ru/catalog/products/1697539/
Серебряный браслет с сапфирами и фианитами,9440.0,8075.0,https://www.585zolotoy.ru/catalog/products/3781552/
Серебряный браслет с жемчугом и фианитами с родированием,3120.0,2964.0,https://www.585zolotoy.ru/catalog/products/8179256/
Серебряный браслет Бабочка с эмалью и родированием р. 17-20,800.0,,https://www.585zolotoy.ru/catalog/products/7977387/
Серебряный браслет с жемчугом и родированием,1600.0,1520.0,https://www.585zolotoy.ru/catalog/products/1275041/
Серебряный браслет с жемчугом и фианитами с родированием р. 16-18,2300.0,2185.0,https://www.585zolotoy.ru/catalog/products/3769883/
Серебряный браслет с керамикой и фианитами с позолотой,1540.0,1463.0,https://www.585zolotoy.ru/catalog/products/1726357/
Серебряный браслет с фианитами и позолотой,15220.0,14459.0,https://www.585zolotoy.ru/catalog/products/1538057/
Серебряный браслет с марказитами и чернением,6300.0,,https://www.585zolotoy.ru/catalog/products/1169471/
Серебряный браслет с перламутром и родированием,2500.0,,https://www.585zolotoy.ru/catalog/products/1188204/
Серебряный браслет с эмалью и позолотой,900.0,,https://www.585zolotoy.ru/catalog/products/4557351/
Серебряный браслет с фианитами и родированием,700.0,,https://www.585zolotoy.ru/catalog/products/8332933/
Серебряный браслет с кварцем и родированием,7560.0,7182.0,https://www.585zolotoy.ru/catalog/products/1019891/
Серебряный браслет Созвездие Водолей с фианитами и родированием,1080.0,1026.0,https://www.585zolotoy.ru/catalog/products/1211431/
Серебряный браслет с жемчугом и родированием,2700.0,2565.0,https://www.585zolotoy.ru/catalog/products/1990511/
Серебряный браслет с марказитами и чернением,8500.0,,https://www.585zolotoy.ru/catalog/products/1607658/
Серебряный браслет буква О с фианитами и позолотой р.16-18,1500.0,,https://www.585zolotoy.ru/catalog/products/7720207/
Серебряный браслет с марказитами и чернением,8000.0,,https://www.585zolotoy.ru/catalog/products/1551424/
Серебряный браслет с топазами и фианитами с родированием,2500.0,,https://www.585zolotoy.ru/catalog/products/8151158/
Серебряный браслет Звезда с родированием,600.0,,https://www.585zolotoy.ru/catalog/products/1655312/
Серебряный браслет с жемчугом и фианитами с родированием,3480.0,,https://www.585zolotoy.ru/catalog/products/8179275/
Серебряный браслет с перламутром и фианитами с родированием,1700.0,,https://www.585zolotoy.ru/catalog/products/1973995/
Серебряный браслет Бабочка с эмалью и родированием р. 17-19,1000.0,,https://www.585zolotoy.ru/catalog/products/7970781/
Серебряный браслет с ювелирными кристаллами и родированием,1800.0,1710.0,https://www.585zolotoy.ru/catalog/products/2819378/
Серебряный браслет с перламутром и фианитами с родированием,800.0,,https://www.585zolotoy.ru/catalog/products/7065999/
Серебряный браслет Звезда с фианитами и родированием,800.0,,https://www.585zolotoy.ru/catalog/products/1519358/
Серебряный браслет с аметистами и фианитами,3000.0,2508.0,https://www.585zolotoy.ru/catalog/products/2954652/
Серебряный браслет с янтарем р. 18-20,7600.0,7220.0,https://www.585zolotoy.ru/catalog/products/4558102/
Серебряный браслет с фианитами и родированием,1000.0,,https://www.585zolotoy.ru/catalog/products/4975663/
Золотой браслет Клевер с малахитом,13740.0,13053.0,https://www.585zolotoy.ru/catalog/products/1922364/
Серебряный браслет Созвездие Козерог с фианитами и родированием,1080.0,1026.0,https://www.585zolotoy.ru/catalog/products/1158095/
Золотой браслет с кварцем из коллекции КЛЕВЕР,20000.0,,https://www.585zolotoy.ru/catalog/products/5829677/
Серебряный браслет с ювелирным стеклом и родированием,3000.0,,https://www.585zolotoy.ru/catalog/products/1287760/
Серебряный браслет с янтарем и позолотой р. 16-18,4340.0,,https://www.585zolotoy.ru/catalog/products/2215957/
Серебряный браслет с янтарем и родированием р. 17-19,5260.0,,https://www.585zolotoy.ru/catalog/products/7743993/
Серебряный браслет с фианитами и родированием,19900.0,18905.0,https://www.585zolotoy.ru/catalog/products/2234736/
Золотой браслет с бриллиантами и родированием,20700.0,,https://www.585zolotoy.ru/catalog/products/4076734/
Золотой браслет с ларимаром из коллекции КЛЕВЕР,20120.0,,https://www.585zolotoy.ru/catalog/products/5829737/
Серебряный браслет с ювелирными кристаллами и фианитами с родированием,1200.0,,https://www.585zolotoy.ru/catalog/products/4701428/
Серебряный браслет с топазом и родированием,3300.0,,https://www.585zolotoy.ru/catalog/products/1202299/
Браслет на нитке с гранатом,2940.0,2793.0,https://www.585zolotoy.ru/catalog/products/1601199/
Серебряный браслет с кварцем и родированием,3400.0,,https://www.585zolotoy.ru/catalog/products/1938384/
Серебряный браслет с янтарём и родированием р. 19-21,6900.0,6555.0,https://www.585zolotoy.ru/catalog/products/1550957/
Серебряный браслет с топазами и родированием,3000.0,1710.0,https://www.585zolotoy.ru/catalog/products/2247103/
Золотой браслет с бриллиантами и родированием,13500.0,12825.0,https://www.585zolotoy.ru/catalog/products/2018939/
Серебряный браслет с ониксом и фианитами с родированием,3180.0,3021.0,https://www.585zolotoy.ru/catalog/products/1654464/
Серебряный браслет Сердце с эмалью и родированием,900.0,,https://www.585zolotoy.ru/catalog/products/5474908/
Золотой браслет с аметистами и родированием,56420.0,53599.0,https://www.585zolotoy.ru/catalog/products/1669442/
Серебряный браслет с кристаллами SWAROVSKI и родированием,1200.0,1140.0,https://www.585zolotoy.ru/catalog/products/8309453/
Серебряный браслет с ювелирными кристаллами и позолотой,4700.0,,https://www.585zolotoy.ru/catalog/products/1784080/
Серебряный браслет с гранатом и фианитами с родированием,6360.0,6042.0,https://www.585zolotoy.ru/catalog/products/7970360/
Серебряный браслет с марказитами и чернением,5200.0,,https://www.585zolotoy.ru/catalog/products/1831650/
Серебряный браслет с фианитами и родированием,1200.0,1140.0,https://www.585zolotoy.ru/catalog/products/1868051/
Серебряный браслет с фианитами и родированием,30000.0,28500.0,https://www.585zolotoy.ru/catalog/products/1083023/
Серебряный браслет с ювелирными кристаллами и родированием,3380.0,,https://www.585zolotoy.ru/catalog/products/8173611/
Серебряный браслет с марказитами и чернением,5000.0,,https://www.585zolotoy.ru/catalog/products/1404958/
Золотой браслет с малахитом из коллекции КЛЕВЕР,35140.0,33383.0,https://www.585zolotoy.ru/catalog/products/5768772/
Серебряный браслет с кварцем и родированием,2200.0,,https://www.585zolotoy.ru/catalog/products/1531801/
Серебряный браслет с ювелирными кристаллами и фианитами с родированием,3020.0,2375.0,https://www.585zolotoy.ru/catalog/products/8340219/
Серебряный браслет с ониксом и фианитами с родированием,3000.0,2850.0,https://www.585zolotoy.ru/catalog/products/1850299/
Серебряный браслет с лунным камнем и родированием,1000.0,,https://www.585zolotoy.ru/catalog/products/1916587/
Серебряный браслет с топазами и родированием,5880.0,2850.0,https://www.585zolotoy.ru/catalog/products/8015186/
Серебряный браслет с топазами Swiss и фианитами с родированием,2160.0,2052.0,https://www.585zolotoy.ru/catalog/products/4018787/
Серебряный браслет с ювелирным кристаллом и фианитами с родированием,3060.0,2432.0,https://www.585zolotoy.ru/catalog/products/8332946/
Золотой браслет с цитринами,160180.0,152171.0,https://www.585zolotoy.ru/catalog/products/1205397/
Серебряный браслет с гранатом и родированием,7740.0,7353.0,https://www.585zolotoy.ru/catalog/products/2015567/
Серебряный браслет с фианитами и родированием,18000.0,17100.0,https://www.585zolotoy.ru/catalog/products/1329176/
Серебряный браслет с топазами и фианитами,5400.0,5016.0,https://www.585zolotoy.ru/catalog/products/1685782/
Золотой браслет с ларимаром из коллекции КЛЕВЕР,26960.0,,https://www.585zolotoy.ru/catalog/products/5805517/
Серебряный браслет с ювелирными кристаллами и фианитами с родированием,2360.0,2071.0,https://www.585zolotoy.ru/catalog/products/1511918/
Серебряный браслет с янтарем и позолотой,2340.0,2223.0,https://www.585zolotoy.ru/catalog/products/1066296/
Серебряный браслет с фианитами и позолотой,700.0,,https://www.585zolotoy.ru/catalog/products/1122535/
Серебряный браслет с фианитами и родированием,2500.0,,https://www.585zolotoy.ru/catalog/products/2839321/
Золотой браслет с аметистами и гранатом с родолитами и черным родированием,55160.0,52402.0,https://www.585zolotoy.ru/catalog/products/1976839/
Золотой браслет с бриллиантами,44840.0,40337.0,https://www.585zolotoy.ru/catalog/products/5054057/
Серебряный браслет с аметистами и фианитами с родированием,5880.0,5586.0,https://www.585zolotoy.ru/catalog/products/7330179/
Серебряный браслет с фианитами и родированием,1200.0,,https://www.585zolotoy.ru/catalog/products/2234374/
Серебряный браслет с жемчугом и позолотой,3400.0,3230.0,https://www.585zolotoy.ru/catalog/products/1739719/
Серебряный браслет с жемчугом и фианитами р. 16-17,1300.0,1235.0,https://www.585zolotoy.ru/catalog/products/8152482/
Серебряный браслет с кварцем и родированием,3000.0,,https://www.585zolotoy.ru/catalog/products/1978317/
Серебряный браслет Пчёлы с эмалью и позолотой,600.0,,https://www.585zolotoy.ru/catalog/products/8171529/
Серебряный браслет с фианитами и родированием,1400.0,,https://www.585zolotoy.ru/catalog/products/5829802/
Золотой браслет с бриллиантами,3360.0,,https://www.585zolotoy.ru/catalog/products/5659122/
Серебряный браслет с фианитами и родированием р. 18-19,600.0,,https://www.585zolotoy.ru/catalog/products/1384128/
Золотой браслет с агатами из коллекции КЛЕВЕР,20660.0,,https://www.585zolotoy.ru/catalog/products/5829718/
Серебряный браслет с марказитами и чернением,6900.0,,https://www.585zolotoy.ru/catalog/products/1690252/
Серебряный браслет с фианитами и родированием,2300.0,2185.0,https://www.585zolotoy.ru/catalog/products/1849707/
Серебряный браслет с фианитами и родированием,1200.0,1140.0,https://www.585zolotoy.ru/catalog/products/8151125/
Золотой детский браслет с бриллиантом,4940.0,,https://www.585zolotoy.ru/catalog/products/4362281/
Серебряный браслет с фианитами и родированием р. 18-21,880.0,,https://www.585zolotoy.ru/catalog/products/6519416/
Серебряный браслет с марказитами,6000.0,,https://www.585zolotoy.ru/catalog/products/1388412/
Серебряный браслет с марказитами и гранатом с чернением,6900.0,,https://www.585zolotoy.ru/catalog/products/1601021/
Серебряный браслет с опалами и родированием,500.0,,https://www.585zolotoy.ru/catalog/products/3915689/
Серебряный браслет с жемчугом и позолотой,3500.0,3325.0,https://www.585zolotoy.ru/catalog/products/8362160/
Серебряный браслет с жемчугом и фианитами с родированием,1640.0,,https://www.585zolotoy.ru/catalog/products/8180142/
Золотой браслет с кораллом из коллекции КЛЕВЕР,18220.0,,https://www.585zolotoy.ru/catalog/products/5829713/
Серебряный браслет с гранатом и фианитами с родированием,7360.0,6327.0,https://www.585zolotoy.ru/catalog/products/7822136/
Серебряный браслет с жемчугом,6060.0,4750.0,https://www.585zolotoy.ru/catalog/products/8152513/
Серебряный браслет с фианитами и родированием р. 18-19,4940.0,4693.0,https://www.585zolotoy.ru/catalog/products/1475330/
Серебряный браслет с кварцем и позолотой,2900.0,,https://www.585zolotoy.ru/catalog/products/1434189/
Серебряный браслет с ювелирным стеклом и родированием,2900.0,,https://www.585zolotoy.ru/catalog/products/1326045/
Серебряный браслет с топазами и фианитами с родированием,3840.0,3648.0,https://www.585zolotoy.ru/catalog/products/3834613/
Серебряный браслет с фианитами и родированием,1400.0,,https://www.585zolotoy.ru/catalog/products/4975665/
Серебряный браслет с янтарем и родированием,1460.0,,https://www.585zolotoy.ru/catalog/products/1490378/
Золотой браслет с кварцем из коллекции КЛЕВЕР,22460.0,,https://www.585zolotoy.ru/catalog/products/6454094/
Серебряный браслет с топазами и родированием,4500.0,4275.0,https://www.585zolotoy.ru/catalog/products/4315353/
Серебряный браслет с аметистами и родированием,9920.0,9424.0,https://www.585zolotoy.ru/catalog/products/4078663/
Серебряный браслет с London топазами и фианитами с родированием,3000.0,2850.0,https://www.585zolotoy.ru/catalog/products/7804662/
Серебряный браслет с марказитами и ониксами с чернением,8800.0,,https://www.585zolotoy.ru/catalog/products/1962515/
Золотой браслет с бирюзой 8-10 мм,23200.0,,https://www.585zolotoy.ru/catalog/products/5768787/
Золотой браслет с агатами из коллекции КЛЕВЕР,23140.0,,https://www.585zolotoy.ru/catalog/products/6485673/
Серебряный браслет с кварцем и позолотой,3000.0,,https://www.585zolotoy.ru/catalog/products/1918577/
Серебряный браслет с фианитами и родированием,1400.0,,https://www.585zolotoy.ru/catalog/products/1490848/
Серебряный браслет с кошачьим глазом и родированием,1500.0,,https://www.585zolotoy.ru/catalog/products/1076850/
Серебряный браслет с малахитом и родированием,1400.0,,https://www.585zolotoy.ru/catalog/products/1432961/
Серебряный браслет с янтарем и чернением р. 16-19,10000.0,9500.0,https://www.585zolotoy.ru/catalog/products/4674152/
Серебряный детский браслет Микки Маус с эмалью,1300.0,,https://www.585zolotoy.ru/catalog/products/8341782/
Серебряный браслет с перламутром и родированием,2300.0,2185.0,https://www.585zolotoy.ru/catalog/products/1952411/
Серебряный браслет с фианитами и родированием р. 16-19,1900.0,,https://www.585zolotoy.ru/catalog/products/4469565/
Серебряный браслет с топазами и родированием,3560.0,3382.0,https://www.585zolotoy.ru/catalog/products/3890008/
Серебряный браслет с кварцем и родированием,2300.0,,https://www.585zolotoy.ru/catalog/products/1768771/
Серебряный браслет с фианитами и родированием,1300.0,,https://www.585zolotoy.ru/catalog/products/3610908/
Серебряный браслет с перламутром и родированием,1060.0,1007.0,https://www.585zolotoy.ru/catalog/products/1123502/
Серебряный браслет с янтарем и патинированием р. 17-20,4080.0,3876.0,https://www.585zolotoy.ru/catalog/products/1364670/
Серебряный браслет с янтарем и родированием р. 17-19,2920.0,,https://www.585zolotoy.ru/catalog/products/4622395/
"Серебряный браслет с янтарём и родированием, р.20-22",2360.0,,https://www.585zolotoy.ru/catalog/products/1269533/
Серебряный браслет с эмалью с позолотой,1900.0,1805.0,https://www.585zolotoy.ru/catalog/products/1973415/
Серебряный браслет с кварцем и родированием,940.0,,https://www.585zolotoy.ru/catalog/products/3862136/
Серебряный браслет LOVE с фианитами и родированием,1300.0,,https://www.585zolotoy.ru/catalog/products/3785667/
Серебряный браслет буква О с фианитами и родированием,1500.0,,https://www.585zolotoy.ru/catalog/products/7080548/
"Серебряный браслет с эмалью и родированием, р. 16-19",680.0,,https://www.585zolotoy.ru/catalog/products/6519978/
Серебряный браслет с ювелирными кристаллами и фианитами с родированием,2180.0,2071.0,https://www.585zolotoy.ru/catalog/products/1909399/
Серебряный браслет с янтарем и родированием,1260.0,,https://www.585zolotoy.ru/catalog/products/1172352/
Серебряный браслет с фианитами и родированием,2340.0,2223.0,https://www.585zolotoy.ru/catalog/products/4232434/
Серебряный браслет с фианитом и родированием р. 19-22,1080.0,1026.0,https://www.585zolotoy.ru/catalog/products/2234427/
Серебряный браслет с янтарем и родированием р. 15-18,2040.0,,https://www.585zolotoy.ru/catalog/products/2988924/
Серебряный браслет с гранатом и родированием,4260.0,4047.0,https://www.585zolotoy.ru/catalog/products/4172636/
Серебряный браслет с янтарем и чернением,1580.0,1501.0,https://www.585zolotoy.ru/catalog/products/1941288/
Серебряный браслет с эмалью и родированием,1000.0,,https://www.585zolotoy.ru/catalog/products/2215835/
Серебряный браслет с фианитом,880.0,,https://www.585zolotoy.ru/catalog/products/4516070/
Кожаный браслет с серебряным замком,340.0,,https://www.585zolotoy.ru/catalog/products/3935639/
Серебряный браслет с фианитами и родированием,1980.0,1881.0,https://www.585zolotoy.ru/catalog/products/4557125/
Серебряный браслет с фианитами и родированием,820.0,,https://www.585zolotoy.ru/catalog/products/4582086/
Серебряный браслет с топазами и фианитами с родированием,3340.0,3173.0,https://www.585zolotoy.ru/catalog/products/1333012/
Браслет из жемчуга с золотым замком,1860.0,,https://www.585zolotoy.ru/catalog/products/3485311/
Серебряный браслет с ювелирными кристаллами и родированием,1440.0,,https://www.585zolotoy.ru/catalog/products/3804207/
Серебряный браслет с опалами и родированием,600.0,,https://www.585zolotoy.ru/catalog/products/3944568/
Золотой браслет с янтарём 8 мм,18080.0,,https://www.585zolotoy.ru/catalog/products/5820950/
Кожаный браслет с серебряной вставкой с родированием,1200.0,,https://www.585zolotoy.ru/catalog/products/5204420/
Серебряный браслет с кварцем и родированием,4000.0,,https://www.585zolotoy.ru/catalog/products/1266721/
Браслет из жемчуга с серебряным замком,1200.0,,https://www.585zolotoy.ru/catalog/products/5048372/
Золотой браслет с бирюзой 8 мм,17740.0,,https://www.585zolotoy.ru/catalog/products/5829681/
Серебряный браслет с топазами и родированием,3640.0,3458.0,https://www.585zolotoy.ru/catalog/products/4805574/
Серебряный браслет с фианитами и родированием,1300.0,,https://www.585zolotoy.ru/catalog/products/3928329/
Серебряный браслет с фианитами и родированием,360.0,,https://www.585zolotoy.ru/catalog/products/2234428/
Серебряный браслет с фианитами и позолотой,1800.0,,https://www.585zolotoy.ru/catalog/products/7955544/
Серебряный браслет с фианитами и родированием,1500.0,,https://www.585zolotoy.ru/catalog/products/3928952/
Серебряный браслет с пластиком и фианитами с позолотой,3260.0,3097.0,https://www.585zolotoy.ru/catalog/products/1743866/
Браслет из жемчуга с золотыми шариками,8240.0,7828.0,https://www.585zolotoy.ru/catalog/products/2000702/
Серебряный браслет с ювелирными кристаллами и родированием,3000.0,,https://www.585zolotoy.ru/catalog/products/8183844/
Серебряный браслет с эмалью и родированием р. 16-19,1760.0,1672.0,https://www.585zolotoy.ru/catalog/products/6519959/
Серебряный браслет с янтарем р. 18-20,6000.0,5700.0,https://www.585zolotoy.ru/catalog/products/1530607/
Серебряный браслет с фианитами и родированием,920.0,874.0,https://www.585zolotoy.ru/catalog/products/1588462/
Серебряный браслет с жемчугом и родированием,1960.0,1862.0,https://www.585zolotoy.ru/catalog/products/1671644/
Серебряный браслет с янтарем и позолотой,2680.0,2546.0,https://www.585zolotoy.ru/catalog/products/1584184/
Серебряный браслет с жемчугом,4320.0,,https://www.585zolotoy.ru/catalog/products/4473476/
Серебряный браслет с топазами Swiss и фианитами с позолотой,5640.0,5358.0,https://www.585zolotoy.ru/catalog/products/2234271/
Браслет на нитке с подвеской из серебра с эмалью,720.0,684.0,https://www.585zolotoy.ru/catalog/products/1037912/
Золотой браслет с бирюзой 10 мм,24840.0,,https://www.585zolotoy.ru/catalog/products/7743898/
Серебряный браслет с цитринами и родированием,2220.0,,https://www.585zolotoy.ru/catalog/products/7653927/
Золотой браслет с кварцем из коллекции КЛЕВЕР,23300.0,,https://www.585zolotoy.ru/catalog/products/5829747/
Серебряный браслет с фианитами и родированием,1840.0,1748.0,https://www.585zolotoy.ru/catalog/products/1010392/
Серебряный браслет с фианитами и родированием,1280.0,1216.0,https://www.585zolotoy.ru/catalog/products/1125041/
Серебряный браслет с фианитами и родированием,1080.0,,https://www.585zolotoy.ru/catalog/products/7066079/
Серебряный браслет Якорь с родированием,800.0,,https://www.585zolotoy.ru/catalog/products/3959374/
Серебряный браслет с ювелирными кристаллами и фианитами с родированием,1140.0,,https://www.585zolotoy.ru/catalog/products/3835115/
Серебряный браслет с кварцем и позолотой,4700.0,,https://www.585zolotoy.ru/catalog/products/1836221/
Серебряный браслет с фианитами и родированием,1800.0,1710.0,https://www.585zolotoy.ru/catalog/products/1553070/
Серебряный браслет с янтарем и родированием р. 17-20,5540.0,5263.0,https://www.585zolotoy.ru/catalog/products/4947472/
Золотой браслет с бриллиантами и родированием,25940.0,,https://www.585zolotoy.ru/catalog/products/4392816/
Золотой браслет с аметистами,22400.0,,https://www.585zolotoy.ru/catalog/products/3740172/
Серебряный браслет с янтарем и родированием,3620.0,3439.0,https://www.585zolotoy.ru/catalog/products/4265734/
Золотой браслет с чароитом 8 мм,18200.0,,https://www.585zolotoy.ru/catalog/products/5829693/
Браслет на нитке с серебряной подвеской Пчела с эмалью и родированием,720.0,684.0,https://www.585zolotoy.ru/catalog/products/1397090/
Серебряный браслет с кварцем и позолотой,4500.0,,https://www.585zolotoy.ru/catalog/products/1366580/
Серебряный браслет с рубином и позолотой,10360.0,9842.0,https://www.585zolotoy.ru/catalog/products/2215849/
Серебряный браслет с фианитами и родированием,600.0,,https://www.585zolotoy.ru/catalog/products/4557113/
Каучуковый браслет с серебряным замком,249.0,,https://www.585zolotoy.ru/catalog/products/4060720/
Серебряный браслет с хризолитами и фианитами с родированием,1040.0,,https://www.585zolotoy.ru/catalog/products/4666848/
Серебряный браслет с кристаллами и позолотой р. 17-19,249.0,,https://www.585zolotoy.ru/catalog/products/8380037/
Серебряный браслет со стразами и родированием,740.0,,https://www.585zolotoy.ru/catalog/products/4879680/
Четки из серафинита с золотыми шариками и подвеской,322600.0,,https://www.585zolotoy.ru/catalog/products/1029189/
Кожаный браслет для шармов с серебряным замком,249.0,,https://www.585zolotoy.ru/catalog/products/4300774/
Серебряный браслет с фианитами и родированием,800.0,,https://www.585zolotoy.ru/catalog/products/4557109/
Серебряный браслет с янтарем и родированием р. 17-19,1760.0,,https://www.585zolotoy.ru/catalog/products/5102619/
Серебряный браслет с фианитами и родированием,2000.0,1900.0,https://www.585zolotoy.ru/catalog/products/1340717/
Золотой браслет с бриллиантами и родированием,124960.0,118712.0,https://www.585zolotoy.ru/catalog/products/1065771/
Серебряный браслет с аметистами и фианитами с родированием,6340.0,6023.0,https://www.585zolotoy.ru/catalog/products/2004047/
Серебряный браслет с фианитами и позолотой,2000.0,,https://www.585zolotoy.ru/catalog/products/1861115/
Серебряный браслет с фианитами и родированием,720.0,,https://www.585zolotoy.ru/catalog/products/4586007/
Серебряный браслет с жемчугом и родированием р. 18-19,660.0,,https://www.585zolotoy.ru/catalog/products/3488489/
Серебряный браслет на ногу с фианитами и родированием,1200.0,,https://www.585zolotoy.ru/catalog/products/4358486/
Кожаный браслет с серебряным замком и родированием,540.0,513.0,https://www.585zolotoy.ru/catalog/products/1438057/
Серебряный браслет с янтарем и родированием,6480.0,6156.0,https://www.585zolotoy.ru/catalog/products/5919102/
Серебряный браслет с эмалью и родированием,500.0,,https://www.585zolotoy.ru/catalog/products/5734123/
Кожаный шнурок с серебряным замком с позолотой,3460.0,3287.0,https://www.585zolotoy.ru/catalog/products/7893562/
Серебряный браслет с марказитами и чернением,3300.0,,https://www.585zolotoy.ru/catalog/products/1067752/
Кожаный браслет с серебряным замком,540.0,513.0,https://www.585zolotoy.ru/catalog/products/4231850/
Серебряный браслет с фианитами и родированием,1000.0,,https://www.585zolotoy.ru/catalog/products/8368052/
Серебряный браслет с фианитами и родированием р. 17-20,1140.0,,https://www.585zolotoy.ru/catalog/products/6568877/
Серебряный браслет с янтарем и родированием р. 17-19,6140.0,,https://www.585zolotoy.ru/catalog/products/3759717/
Серебряный браслет с гранатом и родированием,2760.0,,https://www.585zolotoy.ru/catalog/products/5023500/
Браслет на нитке с подвеской из серебра с эмалью и позолотой,2520.0,2394.0,https://www.585zolotoy.ru/catalog/products/1409919/
Кожаный шнурок с серебряным замком и позолотой,1900.0,1805.0,https://www.585zolotoy.ru/catalog/products/8055574/
Серебряный браслет с фианитами,1360.0,1292.0,https://www.585zolotoy.ru/catalog/products/1922280/
Серебряный браслет с янтарем и родированием р.17-19,1900.0,,https://www.585zolotoy.ru/catalog/products/1177166/
Серебряный браслет с малахитом и родированием,3700.0,,https://www.585zolotoy.ru/catalog/products/1388659/
Серебряный браслет Собака с авантюрином и эмалью с фианитами,1440.0,1368.0,https://www.585zolotoy.ru/catalog/products/8183886/
Серебряный браслет с аметистами и празиолитами с позолотой,12360.0,11742.0,https://www.585zolotoy.ru/catalog/products/1163965/
Серебряный жесткий браслет с фианитами и позолотой,3000.0,2850.0,https://www.585zolotoy.ru/catalog/products/3795590/
Серебряный браслет с марказитами,3300.0,,https://www.585zolotoy.ru/catalog/products/1462051/
Серебряный браслет с аметистами и фианитами с родированием,1680.0,1596.0,https://www.585zolotoy.ru/catalog/products/2817278/
Золотой браслет с топазами,13420.0,,https://www.585zolotoy.ru/catalog/products/4148717/
Серебряный браслет с янтарем и родированием,2320.0,,https://www.585zolotoy.ru/catalog/products/1812057/
Кожаный браслет Молитва Матери с серебряным замком с позолотой,2020.0,1919.0,https://www.585zolotoy.ru/catalog/products/7891336/
Серебряный браслет с фианитами и родированием,900.0,,https://www.585zolotoy.ru/catalog/products/8348016/
Серебряный браслет с фианитами и родированием,1660.0,,https://www.585zolotoy.ru/catalog/products/4967927/
Серебряный браслет с фианитами и родированием,1000.0,,https://www.585zolotoy.ru/catalog/products/4882370/
Серебряный браслет с фианитами и родированием,3140.0,,https://www.585zolotoy.ru/catalog/products/4887300/
Серебряный браслет с янтарем с родированием р. 18-20,1920.0,,https://www.585zolotoy.ru/catalog/products/2234715/
Серебряный браслет с марказитами и чернением,3300.0,,https://www.585zolotoy.ru/catalog/products/1204517/
Серебряный браслет с фианитами и чернением с родированием,800.0,,https://www.585zolotoy.ru/catalog/products/1630227/
Золотой браслет с топазами Swiss р. 17-19,49000.0,46550.0,https://www.585zolotoy.ru/catalog/products/4832747/
Серебряный браслет с топазами и фианитами с родированием,2280.0,2166.0,https://www.585zolotoy.ru/catalog/products/4822163/
Серебряный браслет с эмалью и позолотой р. 17-20,1440.0,1368.0,https://www.585zolotoy.ru/catalog/products/2215838/
Браслет на нитке с серебряной подвеской эмалью и позолотой с чернением р. 15-23,2120.0,2014.0,https://www.585zolotoy.ru/catalog/products/1690569/
Серебряный браслет с фианитами и родированием,1480.0,,https://www.585zolotoy.ru/catalog/products/3929522/
Серебряный браслет с аметистами и родированием,4500.0,4275.0,https://www.585zolotoy.ru/catalog/products/4314827/
Шнурок с серебряным замком,800.0,,https://www.585zolotoy.ru/catalog/products/4840445/
Кожаный браслет с серебряным замком,320.0,,https://www.585zolotoy.ru/catalog/products/4501220/
Серебряный браслет с сапфирами и фианитами с родированием,3400.0,,https://www.585zolotoy.ru/catalog/products/1741917/
Серебряный браслет с фианитами и родированием,3240.0,3078.0,https://www.585zolotoy.ru/catalog/products/1063883/
Кожаный браслет для шармов Череп с серебряным замком из коллекции Рок-н-Ролл,960.0,,https://www.585zolotoy.ru/catalog/products/4265564/
Серебряный браслет с фианитами и родированием,1000.0,,https://www.585zolotoy.ru/catalog/products/4276087/
Золотой браслет с топазами и аметистами,45440.0,43168.0,https://www.585zolotoy.ru/catalog/products/2109034/
Серебряный браслет на ногу с фианитами и родированием,800.0,,https://www.585zolotoy.ru/catalog/products/8152499/
Четки из жемчуга с золотыми шариками и подвеской,232720.0,,https://www.585zolotoy.ru/catalog/products/1321782/
Серебряный браслет с кварцем и родированием,7560.0,,https://www.585zolotoy.ru/catalog/products/1558564/
Серебряный браслет с янтарем и позолотой,1080.0,,https://www.585zolotoy.ru/catalog/products/7744069/
Золотой браслет с чароитом из коллекции КЛЕВЕР,25300.0,,https://www.585zolotoy.ru/catalog/products/5769136/
Серебряный браслет с янтарем и родированием,1400.0,1330.0,https://www.585zolotoy.ru/catalog/products/8183904/
Серебряный детский браслет с эмалью и родированием,700.0,,https://www.585zolotoy.ru/catalog/products/6309346/
Серебряный браслет Бант с эмалью и родированием,600.0,,https://www.585zolotoy.ru/catalog/products/8330533/
Серебряный браслет с фианитами и родированием р. 18-19,4560.0,4332.0,https://www.585zolotoy.ru/catalog/products/1106874/
Браслет на нитке с подвеской Спаси и сохрани из серебра,760.0,722.0,https://www.585zolotoy.ru/catalog/products/1284759/
Серебряный браслет с жемчугом и родированием,700.0,665.0,https://www.585zolotoy.ru/catalog/products/1194952/
Серебряный браслет с жемчугом и фианитами с родированием,2700.0,,https://www.585zolotoy.ru/catalog/products/8183788/
Серебряный браслет с янтарем и родированием р. 17-19,2060.0,,https://www.585zolotoy.ru/catalog/products/2215949/
Серебряный браслет с эмалью из коллекции КЛЕВЕР,2000.0,,https://www.585zolotoy.ru/catalog/products/4989511/
Золотой браслет с бриллиантами,19480.0,,https://www.585zolotoy.ru/catalog/products/7818443/
Серебряный браслет с топазами Swiss и родированием,3760.0,3572.0,https://www.585zolotoy.ru/catalog/products/3621170/
Браслет из жемчуга с золотым замком,5240.0,4978.0,https://www.585zolotoy.ru/catalog/products/4053051/
Серебряный браслет с эмалью и родированием,400.0,,https://www.585zolotoy.ru/catalog/products/2985213/
Серебряный браслет Спичка с фианитами и позолотой,800.0,,https://www.585zolotoy.ru/catalog/products/5985005/
Серебряный браслет с фианитами и родированием,1200.0,,https://www.585zolotoy.ru/catalog/products/7959991/
Золотой браслет с аметистами,26080.0,,https://www.585zolotoy.ru/catalog/products/4574438/
Кожаный браслет с серебряным замком с позолотой,500.0,,https://www.585zolotoy.ru/catalog/products/4516946/
Серебряный браслет Единорог с эмалью и родированием,500.0,,https://www.585zolotoy.ru/catalog/products/1273366/
Серебряный браслет с ювелирным кристаллом и фианитами с родированием,1700.0,,https://www.585zolotoy.ru/catalog/products/8332942/
Серебряный браслет с фианитами и родированием,580.0,,https://www.585zolotoy.ru/catalog/products/7865432/
Серебряный браслет с эмалью и позолотой,1000.0,,https://www.585zolotoy.ru/catalog/products/2234807/
Серебряный браслет с фианитами и родированием р. 17-20,700.0,,https://www.585zolotoy.ru/catalog/products/6519991/
Серебряный жесткий браслет с кварцем и фианитами с родированием,4200.0,,https://www.585zolotoy.ru/catalog/products/7852925/
Серебряный браслет с фианитами и родированием,1300.0,,https://www.585zolotoy.ru/catalog/products/8376454/
Серебряный браслет с эмалью и позолотой,380.0,,https://www.585zolotoy.ru/catalog/products/2215837/
Серебряный браслет с фианитами и родированием,900.0,,https://www.585zolotoy.ru/catalog/products/4641549/
Серебряный браслет с фианитами и родированием,249.0,,https://www.585zolotoy.ru/catalog/products/1092521/
Серебряный браслет с фианитами и родированием,1960.0,1862.0,https://www.585zolotoy.ru/catalog/products/1727738/
Серебряный браслет с аметистами и родированием р. 16-18,1160.0,,https://www.585zolotoy.ru/catalog/products/5640172/
Серебряный браслет с янтарем и родированием,1260.0,1197.0,https://www.585zolotoy.ru/catalog/products/8188979/
Золотой браслет с гранатом и бриллиантами,26760.0,,https://www.585zolotoy.ru/catalog/products/2000805/
Серебряный браслет с топазами и родированием,3240.0,3078.0,https://www.585zolotoy.ru/catalog/products/7330141/
Серебряный браслет с фианитами и позолотой,1420.0,,https://www.585zolotoy.ru/catalog/products/4236516/
Серебряный браслет с жемчугом и фианитами с родированием р. 16-18,1580.0,1501.0,https://www.585zolotoy.ru/catalog/products/5734141/
Серебряный браслет на ногу с фианитами и родированием,800.0,,https://www.585zolotoy.ru/catalog/products/7238324/
Серебряный браслет с фианитами и родированием,560.0,,https://www.585zolotoy.ru/catalog/products/4594411/
Серебряный браслет с фианитами и родированием,460.0,,https://www.585zolotoy.ru/catalog/products/2234462/
Серебряный браслет с ювелирными кристаллами и родированием,1200.0,,https://www.585zolotoy.ru/catalog/products/8171541/
Браслет на нитке с подвеской Птица из серебра с эмалью,720.0,684.0,https://www.585zolotoy.ru/catalog/products/1413745/
Серебряный браслет с ювелирными кристаллами и фианитами с родированием,2000.0,,https://www.585zolotoy.ru/catalog/products/4265674/
Золотой браслет с аметистами и топазами,124180.0,,https://www.585zolotoy.ru/catalog/products/2234259/
Серебряный браслет с фианитами и родированием,1480.0,,https://www.585zolotoy.ru/catalog/products/3928785/
Серебряный браслет с янтарем,4800.0,,https://www.585zolotoy.ru/catalog/products/3759810/
Серебряный браслет с гранатом и фианитами с позолотой,5880.0,5586.0,https://www.585zolotoy.ru/catalog/products/2812588/
Серебряный браслет с фианитами и родированием,1200.0,,https://www.585zolotoy.ru/catalog/products/4613175/
Серебряный браслет с янтарем и родированием,6780.0,6441.0,https://www.585zolotoy.ru/catalog/products/5919123/
Браслет из жемчуга с золотым замком,3560.0,3382.0,https://www.585zolotoy.ru/catalog/products/6070965/
Золотой браслет с топазами р. 17-19,23180.0,,https://www.585zolotoy.ru/catalog/products/3740210/
Серебряный браслет с фианитами и родированием,3540.0,3363.0,https://www.585zolotoy.ru/catalog/products/7970372/
Серебряный браслет с янтарем и родированием,6900.0,6555.0,https://www.585zolotoy.ru/catalog/products/5919109/
Кожаный браслет с серебряным замком,1800.0,1710.0,https://www.585zolotoy.ru/catalog/products/2234872/
Серебряный браслет с аметистами лунными камнями и фианитами р. 16-18,880.0,,https://www.585zolotoy.ru/catalog/products/5769422/
Золотой браслет с бриллиантами и родированием,18260.0,,https://www.585zolotoy.ru/catalog/products/8038764/
Серебряный браслет с марказитами и чернением,4400.0,,https://www.585zolotoy.ru/catalog/products/1475805/
Золотой браслет с кораллом 8-10 мм,23420.0,,https://www.585zolotoy.ru/catalog/products/5896026/
Серебряный браслет Квадрат с фианитами и позолотой р. 16-18,500.0,,https://www.585zolotoy.ru/catalog/products/7720200/
Серебряный браслет с фианитами и родированием,1300.0,,https://www.585zolotoy.ru/catalog/products/2837896/
Серебряный браслет с фианитами и родированием,6200.0,,https://www.585zolotoy.ru/catalog/products/1803202/
Браслет из жемчуга с серебряным замком,640.0,,https://www.585zolotoy.ru/catalog/products/5054273/
Серебряный браслет с фианитами и родированием,7580.0,7201.0,https://www.585zolotoy.ru/catalog/products/1695910/
Золотой браслет с бриллиантами и родированием,24120.0,22914.0,https://www.585zolotoy.ru/catalog/products/7653817/
Серебряный браслет с янтарем и родированием,4760.0,4522.0,https://www.585zolotoy.ru/catalog/products/1366346/
Серебряный браслет с топазами морганитами и фианитами р. 16-21,1780.0,1691.0,https://www.585zolotoy.ru/catalog/products/1977421/
Серебряный браслет с хризолитами и позолотой,3000.0,,https://www.585zolotoy.ru/catalog/products/1607795/
Серебряный браслет Звезда с фианитами и родированием,900.0,,https://www.585zolotoy.ru/catalog/products/5955264/
Серебряный браслет с топазами и родированием,5500.0,5225.0,https://www.585zolotoy.ru/catalog/products/2247102/
Серебряный браслет с янтарем и родированием р. 19-21,5120.0,4864.0,https://www.585zolotoy.ru/catalog/products/2215954/
Серебряный браслет с фианитами,13600.0,,https://www.585zolotoy.ru/catalog/products/2021612/
Браслет на нитке с подвеской Рыба из серебра с эмалью,940.0,893.0,https://www.585zolotoy.ru/catalog/products/1683121/
Серебряный браслет с фианитами и позолотой,4160.0,3952.0,https://www.585zolotoy.ru/catalog/products/7955534/
Серебряный браслет с топазами и фианитами с родированием,1200.0,,https://www.585zolotoy.ru/catalog/products/8156264/
Серебряный браслет с фианитами и родированием,1760.0,1672.0,https://www.585zolotoy.ru/catalog/products/1639870/
Серебряный браслет с топазами Swiss и родированием,11940.0,11343.0,https://www.585zolotoy.ru/catalog/products/7969505/
Серебряный жесткий браслет с фианитами и родированием,2200.0,,https://www.585zolotoy.ru/catalog/products/3821899/
Серебряный браслет с янтарем и позолотой р. 18-20,2940.0,,https://www.585zolotoy.ru/catalog/products/1453444/
"Серебряный браслет с жемчугом и родированием, р. 18-21",3260.0,,https://www.585zolotoy.ru/catalog/products/8335894/
Каучуковый браслет с серебряным замком и родированием,249.0,,https://www.585zolotoy.ru/catalog/products/3947539/
Серебряный браслет с фианитами и родированием,3960.0,3762.0,https://www.585zolotoy.ru/catalog/products/1423734/
Серебряный браслет с янтарем р. 16-18,4860.0,4617.0,https://www.585zolotoy.ru/catalog/products/5051197/
Серебряный браслет с фианитами и родированием,1880.0,1786.0,https://www.585zolotoy.ru/catalog/products/1865800/
Серебряный браслет с сапфирами и фианитами с родированием,3000.0,2850.0,https://www.585zolotoy.ru/catalog/products/8379268/
Серебряный браслет с фианитами и родированием р. 18-21,800.0,,https://www.585zolotoy.ru/catalog/products/1841673/
Серебряный браслет с янтарем и родированием р. 18-20,2240.0,,https://www.585zolotoy.ru/catalog/products/1872848/
Кожаный браслет с серебряными вставками с родированием,1700.0,,https://www.585zolotoy.ru/catalog/products/5199895/
Браслет с янтарём и родированием р. 14-17,3100.0,,https://www.585zolotoy.ru/catalog/products/2593506/
Серебряный браслет с амазонитом и родированием,1200.0,1140.0,https://www.585zolotoy.ru/catalog/products/8156411/
Золотой браслет с гранатом,9480.0,,https://www.585zolotoy.ru/catalog/products/7889322/
Золотой браслет с бриллиантами и родированием,9580.0,,https://www.585zolotoy.ru/catalog/products/7741645/
Серебряный браслет с топазами и родированием,2160.0,2052.0,https://www.585zolotoy.ru/catalog/products/4719829/
Золотой браслет с бриллиантами,35660.0,33877.0,https://www.585zolotoy.ru/catalog/products/2027478/
Серебряный браслет с пластиком и фианитами с позолотой,10200.0,9690.0,https://www.585zolotoy.ru/catalog/products/1639306/
Серебряный браслет с рубинами и родированием,8980.0,8531.0,https://www.585zolotoy.ru/catalog/products/1873349/
Серебряный браслет Клевер с фианитами и родированием,1420.0,,https://www.585zolotoy.ru/catalog/products/5960801/
Серебряный браслет на ногу Сердце с фианитами и родированием,900.0,,https://www.585zolotoy.ru/catalog/products/3494309/
Серебряный браслет с янтарем и родированием,1080.0,,https://www.585zolotoy.ru/catalog/products/7744045/
Серебряный браслет с янтарем и родированием р. 18-21,4940.0,4693.0,https://www.585zolotoy.ru/catalog/products/1988832/
Серебряный браслет с содалитами и жемчугом с родированием,3500.0,3325.0,https://www.585zolotoy.ru/catalog/products/1834732/
Серебряный браслет с янтарем и родированием р. 17-20,2920.0,2774.0,https://www.585zolotoy.ru/catalog/products/2215961/
Серебряный браслет с фианитами и родированием,900.0,,https://www.585zolotoy.ru/catalog/products/4557123/
Серебряный браслет с янтарем и родированием р.18-21,3500.0,3325.0,https://www.585zolotoy.ru/catalog/products/1104473/
Серебряный браслет с янтарем и родированием р. 17-21,3700.0,3515.0,https://www.585zolotoy.ru/catalog/products/4943627/
Браслет на нитке с подвеской Сердце из серебра с эмалью,720.0,684.0,https://www.585zolotoy.ru/catalog/products/1575263/
Серебряный браслет с фианитами и позолотой,1200.0,1140.0,https://www.585zolotoy.ru/catalog/products/5046933/
Браслет из жемчуга с золотыми шариками,7420.0,7049.0,https://www.585zolotoy.ru/catalog/products/4053217/
Серебряный браслет с эмалью и родированием р. 17-20,1160.0,1102.0,https://www.585zolotoy.ru/catalog/products/2215826/
Серебряный браслет с ювелирными кристаллами и фианитами с родированием,1680.0,1596.0,https://www.585zolotoy.ru/catalog/products/2881090/
Золотой браслет с гранатом и фианитами,26840.0,,https://www.585zolotoy.ru/catalog/products/2025069/
Серебряный браслет с фианитами и родированием,500.0,,https://www.585zolotoy.ru/catalog/products/3944694/
Серебряный жесткий браслет с фианитами и родированием,980.0,,https://www.585zolotoy.ru/catalog/products/4963864/
Серебряный браслет с фианитами и родированием,1100.0,,https://www.585zolotoy.ru/catalog/products/3963682/
Серебряный браслет с фианитами р. 17-20,1180.0,,https://www.585zolotoy.ru/catalog/products/2234322/
Серебряный браслет с кварцем и позолотой,2800.0,,https://www.585zolotoy.ru/catalog/products/1620040/
Серебряный браслет с марказитами и чернением,4700.0,,https://www.585zolotoy.ru/catalog/products/1655260/
Серебряный браслет с топазами и фианитами с родированием,1920.0,,https://www.585zolotoy.ru/catalog/products/2247094/
Серебряный браслет на ногу с фианитами и родированием,700.0,,https://www.585zolotoy.ru/catalog/products/8152505/
Серебряный браслет с гранатом и фианитами с родированием,2760.0,2622.0,https://www.585zolotoy.ru/catalog/products/4074666/
Серебряный браслет с топазами и родированием,4980.0,4731.0,https://www.585zolotoy.ru/catalog/products/3626968/
Серебряный браслет с ювелирными кристаллами и кварцем с родированием,7780.0,7391.0,https://www.585zolotoy.ru/catalog/products/1868849/
"Браслет на нитке с подвеской Витраж из серебра с эмалью и позолотой, р. 15-23",1860.0,1767.0,https://www.585zolotoy.ru/catalog/products/1993394/
Браслет на нитке с серебряной подвеской Клевер с эмалью и позолотой р. 10-15,1620.0,1539.0,https://www.585zolotoy.ru/catalog/products/8061014/
Серебряный браслет с янтарём и родированием р. 20-22,2440.0,,https://www.585zolotoy.ru/catalog/products/2593512/
Серебряный браслет с топазами,3120.0,2964.0,https://www.585zolotoy.ru/catalog/products/4265679/
Серебряный браслет с агатами и родированием,620.0,,https://www.585zolotoy.ru/catalog/products/2234463/
Серебряный браслет с марказитами и чернением,6500.0,,https://www.585zolotoy.ru/catalog/products/1792359/
Серебряный браслет с гранатом и фианитами с родированием,2500.0,,https://www.585zolotoy.ru/catalog/products/7847763/
Серебряный жесткий браслет с фианитом и родированием,700.0,,https://www.585zolotoy.ru/catalog/products/2592320/
Серебряный браслет с фианитами и родированием,700.0,,https://www.585zolotoy.ru/catalog/products/2234774/
Золотой браслет с аметистами и топазами,35840.0,34048.0,https://www.585zolotoy.ru/catalog/products/2109028/
Серебряный детский браслет Единорог с эмалью и родированием,1200.0,1140.0,https://www.585zolotoy.ru/catalog/products/8340235/
Серебряный браслет с пластиком и фианитами с позолотой,10600.0,10070.0,https://www.585zolotoy.ru/catalog/products/1055630/
Браслет для часов из серебра 12 мм,4780.0,4541.0,https://www.585zolotoy.ru/catalog/products/3626370/
Серебряный браслет с топазами и родированием,1940.0,,https://www.585zolotoy.ru/catalog/products/4991676/
Кожаный браслет К Ангелу Хранителю с серебряным замком с позолотой,2000.0,1900.0,https://www.585zolotoy.ru/catalog/products/7891353/
Серебряный браслет с фианитами и родированием,900.0,,https://www.585zolotoy.ru/catalog/products/8360202/
Серебряный браслет с барочным жемчугом и родированием,2540.0,2413.0,https://www.585zolotoy.ru/catalog/products/1994173/
Золотой браслет с янтарём 8-10 мм,26080.0,24776.0,https://www.585zolotoy.ru/catalog/products/5896021/
"Серебряный браслет с янтарем, р. 19-21",3820.0,,https://www.585zolotoy.ru/catalog/products/4543776/
Серебряный браслет с фианитами и родированием,2920.0,2774.0,https://www.585zolotoy.ru/catalog/products/1957794/
Серебряный браслет с эмалью и родированием,1000.0,,https://www.585zolotoy.ru/catalog/products/7977241/
Серебряный браслет с фианитами и родированием,1800.0,1710.0,https://www.585zolotoy.ru/catalog/products/4865953/
Браслет из жемчуга с серебряными шариками и родированием,1400.0,,https://www.585zolotoy.ru/catalog/products/5054275/
Золотой браслет с малахитом 8 мм,30960.0,29412.0,https://www.585zolotoy.ru/catalog/products/5829707/
Серебряный браслет с топазами и фианитами с позолотой,4800.0,4560.0,https://www.585zolotoy.ru/catalog/products/4018580/
Серебряный браслет с эмалью и позолотой,3220.0,,https://www.585zolotoy.ru/catalog/products/2215840/
Серебряный браслет с янтарем и родированием р. 17-19,5780.0,5491.0,https://www.585zolotoy.ru/catalog/products/5206977/
Серебряный браслет Рыбки с эмалью и родированием,800.0,,https://www.585zolotoy.ru/catalog/products/7893693/
Серебряный браслет с янтарем и родированием,3400.0,,https://www.585zolotoy.ru/catalog/products/1230087/
Серебряный браслет с янтарем и патинированием,4040.0,3838.0,https://www.585zolotoy.ru/catalog/products/1697371/
Серебряный браслет с янтарем и родированием,7340.0,6973.0,https://www.585zolotoy.ru/catalog/products/5919121/
"Серебряный браслет с янтарем и родированием, р. 17-20",3240.0,,https://www.585zolotoy.ru/catalog/products/5755666/
Серебряный браслет созвездие Рыбы с фианитами и родированием,960.0,912.0,https://www.585zolotoy.ru/catalog/products/1330271/
Серебряный браслет с топазами,4040.0,3838.0,https://www.585zolotoy.ru/catalog/products/4073570/
Серебряный браслет с фианитами и родированием,1500.0,,https://www.585zolotoy.ru/catalog/products/3927593/
Серебряный браслет с сапфирами и фианитами с позолотой,8440.0,8018.0,https://www.585zolotoy.ru/catalog/products/3605957/
Браслет на нитке с подвеской Якорь из серебра с эмалью и родированием,720.0,684.0,https://www.585zolotoy.ru/catalog/products/1529377/
Серебряный браслет с фианитами и родированием,500.0,,https://www.585zolotoy.ru/catalog/products/2234773/
Серебряный браслет с фианитами и родированием,800.0,,https://www.585zolotoy.ru/catalog/products/4601545/
Серебряный браслет с янтарем и родированием,3340.0,3173.0,https://www.585zolotoy.ru/catalog/products/1160005/
Серебряный браслет с фианитами и родированием,1800.0,1710.0,https://www.585zolotoy.ru/catalog/products/1682139/
Серебряный браслет с марказитами и чернением,5400.0,,https://www.585zolotoy.ru/catalog/products/1122164/
"Серебряный браслет с янтарем, р. 18-21",2680.0,,https://www.585zolotoy.ru/catalog/products/4554171/
Серебряный браслет с кошачьим глазом и позолотой,1700.0,,https://www.585zolotoy.ru/catalog/products/1365704/
Серебряный браслет Сердце с фианитами и родированием,2040.0,1938.0,https://www.585zolotoy.ru/catalog/products/8065632/
Серебряный браслет с раухтопазами и фианитами,15760.0,14972.0,https://www.585zolotoy.ru/catalog/products/2216017/
Серебряный браслет с жемчугом и фианитами с родированием,880.0,836.0,https://www.585zolotoy.ru/catalog/products/6862687/
Серебряный браслет с лунным камнем и агатами с позолотой р. 17-22,2160.0,,https://www.585zolotoy.ru/catalog/products/8350640/
Серебряный браслет с ювелирными кристаллами и родированием,2000.0,,https://www.585zolotoy.ru/catalog/products/8164861/
Серебряный браслет с фианитами и родированием из коллекции КЛЕВЕР,900.0,,https://www.585zolotoy.ru/catalog/products/4180464/
Серебряный браслет с фианитами и родированием,5340.0,,https://www.585zolotoy.ru/catalog/products/7865197/
"Серебряный браслет с янтарем, р. 18-20",2140.0,,https://www.585zolotoy.ru/catalog/products/1177871/
Серебряный браслет с фианитами и родированием,660.0,,https://www.585zolotoy.ru/catalog/products/2234315/
Серебряный браслет с янтарем и родированием,7500.0,7125.0,https://www.585zolotoy.ru/catalog/products/5919113/
Золотой браслет с бриллиантами и родированием,58460.0,55537.0,https://www.585zolotoy.ru/catalog/products/1601499/
Золотой браслет с агатами из коллекции КЛЕВЕР,23420.0,,https://www.585zolotoy.ru/catalog/products/5777923/
Серебряный браслет с перламутром и родированием,2300.0,,https://www.585zolotoy.ru/catalog/products/1553956/
Серебряный браслет с янтарем р. 17-20,5200.0,4940.0,https://www.585zolotoy.ru/catalog/products/2215962/
Серебряный детский браслет Микки Маус с эмалью,900.0,,https://www.585zolotoy.ru/catalog/products/8341784/
Серебряный браслет с жемчугом и фианитами с позолотой,2840.0,,https://www.585zolotoy.ru/catalog/products/8184536/
Серебряный браслет Звезда с фианитами и родированием,3740.0,3553.0,https://www.585zolotoy.ru/catalog/products/1219677/
Серебряный браслет с фианитами и родированием,16260.0,15447.0,https://www.585zolotoy.ru/catalog/products/2215980/
Золотой браслет с топазами Sky,52440.0,49818.0,https://www.585zolotoy.ru/catalog/products/1861004/
Серебряный браслет с янтарем и родированием р. 17-19,4920.0,,https://www.585zolotoy.ru/catalog/products/5895926/
Золотой браслет с аметистами из коллекции КЛЕВЕР,27900.0,,https://www.585zolotoy.ru/catalog/products/8048068/
Серебряный браслет с топазами и фианитами,3240.0,3078.0,https://www.585zolotoy.ru/catalog/products/1754010/
Серебряный браслет с фианитами и родированием,1000.0,,https://www.585zolotoy.ru/catalog/products/4640368/
Серебряный браслет с фианитами и родированием,900.0,,https://www.585zolotoy.ru/catalog/products/4557119/
Серебряный браслет с фианитами и родированием,1160.0,,https://www.585zolotoy.ru/catalog/products/2215866/
Серебряный браслет с фианитами и родированием,1500.0,,https://www.585zolotoy.ru/catalog/products/4026055/
Серебряный браслет с рубином,11400.0,10830.0,https://www.585zolotoy.ru/catalog/products/2234991/
Серебряный браслет с кошачьим глазом и позолотой,1700.0,,https://www.585zolotoy.ru/catalog/products/1422530/
Серебряный браслет с фианитами,1100.0,,https://www.585zolotoy.ru/catalog/products/3928776/
Серебряный браслет с янтарем и родированием,7920.0,7524.0,https://www.585zolotoy.ru/catalog/products/4605718/
Серебряный браслет с фианитами и родированием р. 18-21,1000.0,,https://www.585zolotoy.ru/catalog/products/4369537/
Серебряный браслет с кварцем и родированием,2000.0,1900.0,https://www.585zolotoy.ru/catalog/products/8157047/
Серебряный браслет с ювелирными кристаллами и фианитами с родированием,1800.0,1710.0,https://www.585zolotoy.ru/catalog/products/7864886/
Золотой браслет с сапфирами и бриллиантами,65080.0,61826.0,https://www.585zolotoy.ru/catalog/products/1567065/
Серебряный браслет Ключ с эмалью и родированием р. 16-18,700.0,,https://www.585zolotoy.ru/catalog/products/4611553/
Серебряный браслет на ногу с фианитами и родированием,1200.0,,https://www.585zolotoy.ru/catalog/products/4353367/
Серебряный браслет с перламутром и родированием,1740.0,1653.0,https://www.585zolotoy.ru/catalog/products/1203304/
Серебряный браслет с фианитами и позолотой,1700.0,,https://www.585zolotoy.ru/catalog/products/1165389/
Серебряный браслет с ювелирными кристаллами и фианитами с родированием,1560.0,1482.0,https://www.585zolotoy.ru/catalog/products/2812263/
Золотой браслет с белым перламутром,12900.0,12255.0,https://www.585zolotoy.ru/catalog/products/1729957/
Серебряный браслет с янтарем и родированием р. 17-20,3640.0,,https://www.585zolotoy.ru/catalog/products/5636640/
Серебряный браслет с янтарем и родированием р.17-19,2300.0,,https://www.585zolotoy.ru/catalog/products/1835400/
Серебряный браслет с перламутром и родированием,1500.0,,https://www.585zolotoy.ru/catalog/products/8368066/
Кожаный браслет с серебряным замком с родированием,800.0,,https://www.585zolotoy.ru/catalog/products/5367329/
Браслет на нитке с эмалью и позолотой р. 15-23,1940.0,1843.0,https://www.585zolotoy.ru/catalog/products/1497660/
Серебряный жесткий браслет с фианитами,5800.0,,https://www.585zolotoy.ru/catalog/products/1739275/
Серебряный браслет с фианитами,1480.0,,https://www.585zolotoy.ru/catalog/products/3928773/
Серебряный браслет с ювелирными кристаллами и родированием,3620.0,3439.0,https://www.585zolotoy.ru/catalog/products/8176693/
Серебряный браслет с эмалью и родированием,800.0,,https://www.585zolotoy.ru/catalog/products/8354324/
Серебряный браслет с фианитами и позолотой,2460.0,2337.0,https://www.585zolotoy.ru/catalog/products/5040874/
Серебряный браслет с гранатом и родированием,4080.0,3876.0,https://www.585zolotoy.ru/catalog/products/7237918/
Серебряный браслет с эмалью и позолотой р. 17-19,700.0,,https://www.585zolotoy.ru/catalog/products/1059665/
Серебряный браслет с фианитами и родированием,2500.0,,https://www.585zolotoy.ru/catalog/products/2215776/
Серебряный браслет с гранатом и родированием,4240.0,4028.0,https://www.585zolotoy.ru/catalog/products/3929555/
Золотой браслет с жемчугом,9360.0,,https://www.585zolotoy.ru/catalog/products/8060484/
Браслет из жемчуга с золотым замком,1800.0,,https://www.585zolotoy.ru/catalog/products/3485393/
Серебряный браслет с фианитами и родированием,1100.0,,https://www.585zolotoy.ru/catalog/products/3928771/
Серебряный браслет с янтарем и родированием,7100.0,6745.0,https://www.585zolotoy.ru/catalog/products/5919096/
Серебряный браслет Цветок с эмалью и родированием р. 15-18,1000.0,,https://www.585zolotoy.ru/catalog/products/2234806/
Серебряный браслет с жемчугом и фианитами с родированием р. 16-18,2920.0,,https://www.585zolotoy.ru/catalog/products/1065758/
Серебряный браслет с топазами и родированием,4540.0,,https://www.585zolotoy.ru/catalog/products/5636645/
Серебряный браслет с марказитами и бирюзой с чернением,6700.0,,https://www.585zolotoy.ru/catalog/products/1233203/
Серебряный браслет с марказитами и раухтопазами с чернением,8700.0,,https://www.585zolotoy.ru/catalog/products/1313950/
Браслет для часов из серебра 18 мм,11160.0,10602.0,https://www.585zolotoy.ru/catalog/products/3626398/
Серебряный браслет с хризолитами и родированием,3760.0,,https://www.585zolotoy.ru/catalog/products/2234829/
Серебряный браслет с рубинами и родированием,2080.0,1976.0,https://www.585zolotoy.ru/catalog/products/1375215/
Серебряный браслет с ювелирными кристаллами и родированием,1260.0,,https://www.585zolotoy.ru/catalog/products/4706884/
Серебряный браслет с эмалью и фианитами с родированием,1900.0,,https://www.585zolotoy.ru/catalog/products/6568869/
Серебряный браслет с фианитами и родированием,16000.0,,https://www.585zolotoy.ru/catalog/products/2234787/
Серебряный браслет с жемчугом и родированием р. 16-17,1660.0,,https://www.585zolotoy.ru/catalog/products/1285070/
Серебряный жесткий браслет с фианитами и родированием,6740.0,6403.0,https://www.585zolotoy.ru/catalog/products/1519069/
Серебряный браслет с морганитом и фианитами с родированием,4680.0,4446.0,https://www.585zolotoy.ru/catalog/products/7420469/
"Серебряный браслет с фианитами и родированием, р. 19-21",800.0,,https://www.585zolotoy.ru/catalog/products/6444708/
Браслет из жемчуга с золотым замком,3040.0,2888.0,https://www.585zolotoy.ru/catalog/products/4392922/
Золотой браслет с ониксом и родированием,17160.0,16302.0,https://www.585zolotoy.ru/catalog/products/1795817/
Серебряный браслет с эмалью и позолотой р. 17-20,700.0,,https://www.585zolotoy.ru/catalog/products/8178453/
Серебряный браслет с янтарем и родированием р. 17-20,3500.0,3325.0,https://www.585zolotoy.ru/catalog/products/1411989/
Золотой браслет с сапфирами и родированием,88640.0,84208.0,https://www.585zolotoy.ru/catalog/products/1996016/
Серебряный браслет с фианитами и позолотой,1080.0,1026.0,https://www.585zolotoy.ru/catalog/products/5042852/
Серебряный браслет с кристаллами SWAROVSKI и родированием,1220.0,1159.0,https://www.585zolotoy.ru/catalog/products/8309449/
Серебряный браслет с эмалью,900.0,,https://www.585zolotoy.ru/catalog/products/2215824/
Серебряный браслет с янтарем и родированием,2580.0,2451.0,https://www.585zolotoy.ru/catalog/products/1668210/
Серебряный браслет с фианитами и родированием,1100.0,,https://www.585zolotoy.ru/catalog/products/3743468/
Серебряный браслет с топазами и родированием,1800.0,1710.0,https://www.585zolotoy.ru/catalog/products/3627069/
Серебряный браслет с фианитами и родированием,1800.0,,https://www.585zolotoy.ru/catalog/products/1532030/
"Серебряный браслет с аметистами и опалами с родированием, р. 16-21",3480.0,,https://www.585zolotoy.ru/catalog/products/5507295/
Золотой браслет с малахитом 8-10 мм,22740.0,,https://www.585zolotoy.ru/catalog/products/5896042/
Золотой браслет с бриллиантами и родированием,14380.0,,https://www.585zolotoy.ru/catalog/products/7653793/
Серебряный браслет с ювелирными кристаллами и фианитами с родированием,2280.0,2166.0,https://www.585zolotoy.ru/catalog/products/2812267/
Серебряный браслет с янтарем р. 17-20,3440.0,,https://www.585zolotoy.ru/catalog/products/1567287/
Серебряный браслет с эмалью и родированием р. 16-20,960.0,912.0,https://www.585zolotoy.ru/catalog/products/6444715/
Золотой браслет с изумрудами и бриллиантами с родированием,39000.0,,https://www.585zolotoy.ru/catalog/products/2075974/
Серебряный браслет с марказитами и чернением,2200.0,,https://www.585zolotoy.ru/catalog/products/1248624/
Серебряный браслет с алпанитами и фианитами с родированием,1560.0,1482.0,https://www.585zolotoy.ru/catalog/products/2812809/
Серебряный браслет Телец с фианитами и родированием,1080.0,1026.0,https://www.585zolotoy.ru/catalog/products/1454727/
Золотой браслет с топазами р. 17-19,26780.0,,https://www.585zolotoy.ru/catalog/products/4653255/
Серебряный браслет с эмалью и фианитами р. 16-20,2420.0,2299.0,https://www.585zolotoy.ru/catalog/products/6519950/
Серебряный браслет с раухтопазами и родированием,4200.0,3990.0,https://www.585zolotoy.ru/catalog/products/4171444/
Серебряный браслет с эмалью и родированием р. 23-26,800.0,,https://www.585zolotoy.ru/catalog/products/2215831/
Серебряный браслет на ногу Месяц с фианитами и родированием,840.0,798.0,https://www.585zolotoy.ru/catalog/products/8373486/
Серебряный браслет с фианитами и родированием,1000.0,,https://www.585zolotoy.ru/catalog/products/8348018/
Браслет на нитке с подвеской из серебра и эмалью с позолотой,2120.0,2014.0,https://www.585zolotoy.ru/catalog/products/1989686/
Серебряный браслет с жемчугом и фианитами с родированием р. 16-20,4000.0,3800.0,https://www.585zolotoy.ru/catalog/products/4358050/
Серебряный браслет с фианитами и позолотой из коллекции Калипсо,17420.0,16549.0,https://www.585zolotoy.ru/catalog/products/8187894/
Серебряный браслет с фианитами и родированием,2000.0,,https://www.585zolotoy.ru/catalog/products/5959377/
Серебряный браслет с фианитами и позолотой,1200.0,,https://www.585zolotoy.ru/catalog/products/3930754/
Кожаный браслет с серебряным замком с родированием,560.0,532.0,https://www.585zolotoy.ru/catalog/products/4445558/
Серебряный браслет Бесконечность с фианитами и родированием,600.0,,https://www.585zolotoy.ru/catalog/products/4308547/
Серебряный браслет с эмалью и позолотой,1000.0,,https://www.585zolotoy.ru/catalog/products/4659470/
Серебряный браслет с кварцем и позолотой,2900.0,,https://www.585zolotoy.ru/catalog/products/1202885/
Серебряный браслет с жемчугом и позолотой,2500.0,2375.0,https://www.585zolotoy.ru/catalog/products/1821527/
Серебряный браслет с гранатом и родированием,2240.0,,https://www.585zolotoy.ru/catalog/products/3834776/
Серебряный браслет с эмалью и родированием р. 17-20,2400.0,,https://www.585zolotoy.ru/catalog/products/5242976/
Серебряный браслет с фианитами и родированием,700.0,,https://www.585zolotoy.ru/catalog/products/1959825/
Серебряный браслет с янтарем и родированием р. 17-19,2340.0,,https://www.585zolotoy.ru/catalog/products/2988930/
Золотой браслет с сапфирами и бриллиантами с родированием,96960.0,92112.0,https://www.585zolotoy.ru/catalog/products/1389044/
Серебряный браслет с перламутром и фианитами с родированием,2700.0,,https://www.585zolotoy.ru/catalog/products/1530526/
Серебряный браслет с фианитами и родированием,700.0,,https://www.585zolotoy.ru/catalog/products/4601541/
Золотой браслет из золота с бриллиантами,4420.0,,https://www.585zolotoy.ru/catalog/products/3541157/
Серебряный браслет с топазами и хризолитами с фианитами,5800.0,5510.0,https://www.585zolotoy.ru/catalog/products/1947925/
Серебряный браслет с фианитами и родированием р. 17-18,600.0,,https://www.585zolotoy.ru/catalog/products/2234749/
Серебряный браслет с жемчугом и фианитами с родированием,500.0,,https://www.585zolotoy.ru/catalog/products/8067977/
Серебряный браслет с фианитами и родированием,460.0,,https://www.585zolotoy.ru/catalog/products/3778208/
Браслет из жемчуга с золотым замком,1480.0,,https://www.585zolotoy.ru/catalog/products/3485250/
Серебряный браслет Пингвины с эмалью и родированием,1760.0,1672.0,https://www.585zolotoy.ru/catalog/products/5474836/
Серебряный браслет с фианитами и родированием,1800.0,,https://www.585zolotoy.ru/catalog/products/5636620/
Серебряный браслет Мальчик с фианитами и родированием,1360.0,1292.0,https://www.585zolotoy.ru/catalog/products/7977271/
Серебряный браслет с жемчугом и фианитами р. 18-19,1300.0,1235.0,https://www.585zolotoy.ru/catalog/products/1460880/
Серебряный браслет с жемчугом,1480.0,1406.0,https://www.585zolotoy.ru/catalog/products/1164627/
Серебряный браслет с жемчугом и позолотой,2320.0,2204.0,https://www.585zolotoy.ru/catalog/products/1678979/
Серебряный браслет с кварцем и позолотой,3200.0,,https://www.585zolotoy.ru/catalog/products/1524383/
Серебряный браслет с янтарем и родированием,3140.0,2983.0,https://www.585zolotoy.ru/catalog/products/7301453/
Серебряный браслет с раухтопазами и фианитами с родированием,5480.0,5206.0,https://www.585zolotoy.ru/catalog/products/4556893/
Серебряный браслет с сапфирами и фианитами с родированием,5560.0,5282.0,https://www.585zolotoy.ru/catalog/products/7963320/
Серебряный браслет с фианитами и родированием,540.0,,https://www.585zolotoy.ru/catalog/products/3963004/
Серебряный браслет с янтарем и родированием р. 20-22,3180.0,3021.0,https://www.585zolotoy.ru/catalog/products/2215955/
Золотой браслет с изумрудами и бриллиантами,80580.0,76551.0,https://www.585zolotoy.ru/catalog/products/1566806/
Серебряный браслет с ювелирными кристаллами и родированием,2000.0,,https://www.585zolotoy.ru/catalog/products/8164857/
Серебряный браслет с перламутром,3500.0,,https://www.585zolotoy.ru/catalog/products/1989279/
Браслет на нитке с подвеской из серебра с эмалью,720.0,684.0,https://www.585zolotoy.ru/catalog/products/1026462/
Серебряный браслет с гранатом и родированием,3000.0,2850.0,https://www.585zolotoy.ru/catalog/products/3467559/
Серебряный браслет с фианитами и родированием,15000.0,14250.0,https://www.585zolotoy.ru/catalog/products/1185516/
"Серебряный браслет Мальчик с фианитами и родированием, р. 16-17",420.0,,https://www.585zolotoy.ru/catalog/products/2215967/
Каучуковый браслет с серебряным замком,249.0,,https://www.585zolotoy.ru/catalog/products/4060718/
Серебряный браслет с фианитами и родированием р. 18-19,3400.0,3230.0,https://www.585zolotoy.ru/catalog/products/3820618/
Серебряный браслет с малахитом и позолотой,1400.0,,https://www.585zolotoy.ru/catalog/products/1073921/
Серебряный браслет с янтарем и родированием р. 16-18,4120.0,3914.0,https://www.585zolotoy.ru/catalog/products/4722270/
Серебряный браслет с янтарем и родированием р. 17-20,2240.0,,https://www.585zolotoy.ru/catalog/products/2988928/
Серебряный браслет Сердце с фианитами и родированием,1800.0,,https://www.585zolotoy.ru/catalog/products/2247105/
Серебряный браслет с янтарем и родированием,7920.0,7524.0,https://www.585zolotoy.ru/catalog/products/2215940/
Серебряный браслет с марказитами и ониксом с чернением,11960.0,11362.0,https://www.585zolotoy.ru/catalog/products/1716140/
Браслет на нитке с подвеской Клевер из серебра с эмалью,1700.0,1615.0,https://www.585zolotoy.ru/catalog/products/8061073/
Серебряный браслет Тигр с фианитами и позолотой,249.0,,https://www.585zolotoy.ru/catalog/products/1371236/
Серебряный браслет с фианитами и родированием,900.0,,https://www.585zolotoy.ru/catalog/products/1438168/
Серебряный браслет на ногу с фианитами и родированием,800.0,,https://www.585zolotoy.ru/catalog/products/8327463/
Серебряный детский браслет Микки Маус с эмалью и фианитами,900.0,,https://www.585zolotoy.ru/catalog/products/8341786/
Серебряный браслет с кварцем и родированием,2900.0,,https://www.585zolotoy.ru/catalog/products/1755434/
Серебряный браслет Звезда с фианитами и родированием,700.0,,https://www.585zolotoy.ru/catalog/products/5960811/
Браслет на нитке с серебряной подвеской Пчела с эмалью и родированием,720.0,684.0,https://www.585zolotoy.ru/catalog/products/1762411/
Серебряный браслет с перламутром и родированием,1400.0,,https://www.585zolotoy.ru/catalog/products/1739499/
Серебряный браслет с рубинами и родированием,14900.0,14155.0,https://www.585zolotoy.ru/catalog/products/2215974/
Серебряный браслет с гранатом и фианитами с родированием,7000.0,6650.0,https://www.585zolotoy.ru/catalog/products/1245003/
Серебряный браслет с эмалью и родированием,2000.0,,https://www.585zolotoy.ru/catalog/products/8332924/
Серебряный браслет с перламутром и позолотой,2780.0,,https://www.585zolotoy.ru/catalog/products/2216047/
Золотой браслет с топазами,16100.0,15295.0,https://www.585zolotoy.ru/catalog/products/8144995/
Серебряный браслет с фианитом и родированием,500.0,,https://www.585zolotoy.ru/catalog/products/5984982/
Золотой браслет с изумрудами,47080.0,44726.0,https://www.585zolotoy.ru/catalog/products/1859592/
Серебряный браслет с фианитами и родированием,600.0,,https://www.585zolotoy.ru/catalog/products/4638267/
Серебряный браслет с эмалью и позолотой,1900.0,1805.0,https://www.585zolotoy.ru/catalog/products/1207488/
Серебряный браслет с эмалью и фианитами с родированием р. 16-19,2300.0,2185.0,https://www.585zolotoy.ru/catalog/products/6519999/
Серебряный браслет с кварцем и родированием,5300.0,,https://www.585zolotoy.ru/catalog/products/1163261/
Серебряный браслет с эмалью и позолотой,700.0,,https://www.585zolotoy.ru/catalog/products/5182357/
Золотой браслет с топазами и бриллиантами,29360.0,,https://www.585zolotoy.ru/catalog/products/2000803/
Золотой браслет с бриллиантами,7260.0,,https://www.585zolotoy.ru/catalog/products/5810351/
Серебряный браслет с жемчугом и фианитами с родированием,2140.0,,https://www.585zolotoy.ru/catalog/products/8183858/
Серебряный браслет с янтарем и родированием р. 17-20,2300.0,2185.0,https://www.585zolotoy.ru/catalog/products/2215942/
Серебряный браслет Сердце с фианитами и родированием,1160.0,,https://www.585zolotoy.ru/catalog/products/5959791/
Кожаный шнурок с серебряным замком и позолотой,1900.0,1805.0,https://www.585zolotoy.ru/catalog/products/8055554/
Серебряный жесткий браслет с фианитами и родированием,6200.0,,https://www.585zolotoy.ru/catalog/products/1840169/
Серебряный браслет с фианитами и родированием,1800.0,1710.0,https://www.585zolotoy.ru/catalog/products/4866693/
Серебряный браслет с жемчугом и фианитами с позолотой,1840.0,,https://www.585zolotoy.ru/catalog/products/7330721/
Серебряный браслет на ногу Дерево с фианитами и родированием,500.0,,https://www.585zolotoy.ru/catalog/products/8327459/
Серебряный браслет с фианитами и родированием,1000.0,,https://www.585zolotoy.ru/catalog/products/4557111/
Серебряный браслет с эмалью и родированием р. 17-19,1000.0,,https://www.585zolotoy.ru/catalog/products/1742142/
Серебряный браслет с фианитами и позолотой,520.0,,https://www.585zolotoy.ru/catalog/products/2988868/
Серебряный браслет с фианитами,1400.0,,https://www.585zolotoy.ru/catalog/products/8152495/
Серебряный браслет с эмалью и родированием,3460.0,,https://www.585zolotoy.ru/catalog/products/2215790/
Серебряный браслет с фианитами и родированием,1200.0,,https://www.585zolotoy.ru/catalog/products/4939265/
Серебряный браслет с янтарем и родированием р. 18-20,2300.0,,https://www.585zolotoy.ru/catalog/products/4622397/
Серебряный браслет с фианитами и родированием,1260.0,,https://www.585zolotoy.ru/catalog/products/3928787/
Серебряный браслет с фианитами и родированием,1000.0,,https://www.585zolotoy.ru/catalog/products/1882612/
Браслет из жемчуга с золотым замком,3980.0,3781.0,https://www.585zolotoy.ru/catalog/products/3475468/
Серебряный браслет с фианитами,1500.0,,https://www.585zolotoy.ru/catalog/products/3928780/
Серебряный браслет с перламутром и родированием,940.0,,https://www.585zolotoy.ru/catalog/products/2234996/
Браслет на нитке с серебряным замком р.10-15,2520.0,2394.0,https://www.585zolotoy.ru/catalog/products/1439710/
Серебряный браслет с малахитом и родированием,1500.0,,https://www.585zolotoy.ru/catalog/products/2216048/
Серебряный браслет с эмалью и жемчугом р. 16-17,4680.0,4446.0,https://www.585zolotoy.ru/catalog/products/8152463/
Серебряный браслет с фианитами и родированием,800.0,,https://www.585zolotoy.ru/catalog/products/6568881/
Серебряный браслет с турмалинами и фианитами с родированием,5840.0,5548.0,https://www.585zolotoy.ru/catalog/products/7420537/
Браслет на нитке с подвеской Пчела из серебра с эмалью и родированием,860.0,817.0,https://www.585zolotoy.ru/catalog/products/1762957/
